"SECTOR","STATE","STATE_FIPS","POLLUTANT","POLLUTANT TYPE","EMISSIONS","UNIT OF MEASURE"
"Mobile - On-Road non-Diesel Light Duty Vehicles","NY","36","Carbon Dioxide","GHG","53281860.48658208","TON"
"Mobile - On-Road non-Diesel Light Duty Vehicles","NJ","34","Carbon Dioxide","GHG","31062985.76953","TON"
"Mobile - On-Road non-Diesel Light Duty Vehicles","CT","09","Carbon Dioxide","GHG","12893258.751","TON"
"Mobile - On-Road Diesel Heavy Duty Vehicles","NY","36","Carbon Dioxide","GHG","12263319.23847","TON"
"Mobile - On-Road Diesel Heavy Duty Vehicles","NJ","34","Carbon Dioxide","GHG","7391456.65163","TON"
"Mobile - Non-Road Equipment - Diesel","NY","36","Carbon Dioxide","GHG","4540367.388165","TON"
"Mobile - Non-Road Equipment - Diesel","NJ","34","Carbon Dioxide","GHG","3154346.8699529","TON"
"Mobile - Non-Road Equipment - Gasoline","NY","36","Carbon Dioxide","GHG","2988088.3858652584","TON"
"Mobile - Aircraft","NY","36","Carbon Dioxide","GHG","1683602.344633","TON"
"Mobile - Non-Road Equipment - Gasoline","NJ","34","Carbon Dioxide","GHG","1460164.161154694","TON"
"Mobile - On-Road non-Diesel Heavy Duty Vehicles","NY","36","Carbon Dioxide","GHG","1330530.5173773","TON"
"Mobile - On-Road Diesel Heavy Duty Vehicles","CT","09","Carbon Dioxide","GHG","1281451.21708","TON"
"Mobile - Non-Road Equipment - Other","NY","36","Carbon Dioxide","GHG","1182753.2465090432","TON"
"Fuel Comb - Industrial Boilers, ICEs - Natural Gas","NY","36","Carbon Dioxide","GHG","1025061.19469","TON"
"Mobile - Non-Road Equipment - Diesel","CT","09","Carbon Dioxide","GHG","900037.09059","TON"
"Mobile - On-Road Diesel Light Duty Vehicles","NY","36","Carbon Dioxide","GHG","898420.88109","TON"
"Mobile - Aircraft","NJ","34","Carbon Dioxide","GHG","896440.2101552","TON"
"Mobile - On-Road Diesel Light Duty Vehicles","NJ","34","Carbon Dioxide","GHG","708458.1834","TON"
"Mobile - On-Road non-Diesel Heavy Duty Vehicles","NJ","34","Carbon Dioxide","GHG","675479.7222377","TON"
"Mobile - Non-Road Equipment - Gasoline","CT","09","Carbon Dioxide","GHG","554232.76955518","TON"
"Mobile - Non-Road Equipment - Gasoline","NY","36","Carbon Monoxide","CAP","538336.1085066176","TON"
"Mobile - On-Road non-Diesel Light Duty Vehicles","NY","36","Carbon Monoxide","CAP","502245.2732206154","TON"
"Mobile - Non-Road Equipment - Other","NJ","34","Carbon Dioxide","GHG","431558.7051471593","TON"
"Fuel Comb - Comm/Institutional - Natural Gas","NY","36","Carbon Dioxide","GHG","397239.94324","TON"
"Mobile - On-Road non-Diesel Light Duty Vehicles","NJ","34","Carbon Monoxide","CAP","352451.7906256","TON"
"Mobile - Non-Road Equipment - Gasoline","NJ","34","Carbon Monoxide","CAP","285030.59516434","TON"
"Fuel Comb - Industrial Boilers, ICEs - Natural Gas","NJ","34","Carbon Dioxide","GHG","265062.4","TON"
"Fuel Comb - Electric Generation - Natural Gas","NY","36","Carbon Dioxide","GHG","249361.73638","TON"
"Mobile - On-Road Diesel Light Duty Vehicles","CT","09","Carbon Dioxide","GHG","246903.574","TON"
"Fuel Comb - Electric Generation - Other","NY","36","Carbon Dioxide","GHG","246735.3963","TON"
"Fuel Comb - Comm/Institutional - Natural Gas","NJ","34","Carbon Dioxide","GHG","236160.8","TON"
"Mobile - Non-Road Equipment - Other","CT","09","Carbon Dioxide","GHG","220421.66331755","TON"
"Fires - Prescribed Fires","NJ","34","Carbon Dioxide","GHG","219175.217062","TON"
"Fuel Comb - Industrial Boilers, ICEs - Biomass","NY","36","Carbon Dioxide","GHG","210546.704","TON"
"Waste Disposal","NY","36","Carbon Dioxide","GHG","181287.8932","TON"
"Mobile - On-Road non-Diesel Light Duty Vehicles","CT","09","Carbon Monoxide","CAP","154109.7132","TON"
"Mobile - Non-Road Equipment - Gasoline","CT","09","Carbon Monoxide","CAP","108495.842706097","TON"
"Fires - Prescribed Fires","NY","36","Carbon Dioxide","GHG","106423.40428","TON"
"Mobile - Aircraft","CT","09","Carbon Dioxide","GHG","104436.8533647","TON"
"Fuel Comb - Electric Generation - Other","NJ","34","Carbon Dioxide","GHG","87726.4","TON"
"Fires - Wildfires","NJ","34","Carbon Dioxide","GHG","74913.582337","TON"
"Fuel Comb - Industrial Boilers, ICEs - Oil","NY","36","Carbon Dioxide","GHG","67086.0197255","TON"
"Mobile - On-Road non-Diesel Heavy Duty Vehicles","CT","09","Carbon Dioxide","GHG","66119.96360985","TON"
"Fuel Comb - Electric Generation - Natural Gas","NJ","34","Carbon Dioxide","GHG","66049.1","TON"
"Fuel Comb - Electric Generation - Oil","NY","36","Carbon Dioxide","GHG","64019.728815","TON"
"Fuel Comb - Residential - Wood","NY","36","Carbon Monoxide","CAP","63539.05042756816145203","TON"
"Fires - Wildfires","NY","36","Carbon Dioxide","GHG","56324.186811","TON"
"Mobile - Non-Road Equipment - Gasoline","NY","36","Volatile Organic Compounds","CAP","47796.66248222469","TON"
"Waste Disposal","NY","36","Carbon Monoxide","CAP","46122.45374685","TON"
"Mobile - On-Road non-Diesel Light Duty Vehicles","NY","36","Nitrogen Oxides","CAP","45023.22432591026","TON"
"Waste Disposal","NJ","34","Carbon Dioxide","GHG","44054.2","TON"
"Fuel Comb - Comm/Institutional - Oil","NY","36","Carbon Dioxide","GHG","43671.53342775","TON"
"Mobile - On-Road non-Diesel Light Duty Vehicles","NY","36","Volatile Organic Compounds","CAP","42839.53194886416","TON"
"Fuel Comb - Residential - Wood","NJ","34","Carbon Monoxide","CAP","40626.09864536402821","TON"
"Mobile - On-Road Diesel Heavy Duty Vehicles","NY","36","Nitrogen Oxides","CAP","38112.30635958","TON"
"Mobile - On-Road non-Diesel Light Duty Vehicles","NJ","34","Nitrogen Oxides","CAP","33626.77630502","TON"
"Mobile - Aircraft","NY","36","Lead","CAP/HAP","27882.58647888","LB"
"Fuel Comb - Comm/Institutional - Other","NJ","34","Carbon Dioxide","GHG","27562.1","TON"
"Mobile - On-Road non-Diesel Light Duty Vehicles","NJ","34","Volatile Organic Compounds","CAP","25887.97021224","TON"
"Mobile - On-Road non-Diesel Heavy Duty Vehicles","NY","36","Carbon Monoxide","CAP","25398.10286867","TON"
"Fuel Comb - Residential - Wood","CT","09","Carbon Monoxide","CAP","25378.4106666","TON"
"Mobile - Non-Road Equipment - Diesel","NY","36","Nitrogen Oxides","CAP","24411.13781788999","TON"
"Mobile - On-Road Diesel Heavy Duty Vehicles","NJ","34","Nitrogen Oxides","CAP","24167.2011443","TON"
"Mobile - Non-Road Equipment - Gasoline","NJ","34","Volatile Organic Compounds","CAP","22056.2808362296","TON"
"Fuel Comb - Residential - Natural Gas","NY","36","Nitrogen Oxides","CAP","20304.0004395","TON"
"Fuel Comb - Comm/Institutional - Oil","NJ","34","Carbon Dioxide","GHG","19713.7","TON"
"Fires - Prescribed Fires","NJ","34","Carbon Monoxide","CAP","16957.180708","TON"
"Mobile - Aircraft","NY","36","Carbon Monoxide","CAP","16949.602258087","TON"
"Mobile - On-Road non-Diesel Heavy Duty Vehicles","NJ","34","Carbon Monoxide","CAP","15900.714426","TON"
"Mobile - On-Road non-Diesel Light Duty Vehicles","CT","09","Nitrogen Oxides","CAP","15750.265431","TON"
"Fuel Comb - Comm/Institutional - Natural Gas","NY","36","Nitrogen Oxides","CAP","15259.592963","TON"
"Mobile - Non-Road Equipment - Other","NY","36","Carbon Monoxide","CAP","15124.290958413082","TON"
"Mobile - Non-Road Equipment - Diesel","NJ","34","Nitrogen Oxides","CAP","14440.45142481132","TON"
"Mobile - Aircraft","NJ","34","Lead","CAP/HAP","13746.07104026","LB"
"Mobile - On-Road Diesel Heavy Duty Vehicles","NY","36","Carbon Monoxide","CAP","13691.27645865","TON"
"Mobile - On-Road non-Diesel Light Duty Vehicles","CT","09","Volatile Organic Compounds","CAP","13369.20283","TON"
"Mobile - Locomotives","NY","36","Nitrogen Oxides","CAP","13164.7390635","TON"
"Fires - Prescribed Fires","CT","09","Carbon Dioxide","GHG","12496.9274","TON"
"Fuel Comb - Comm/Institutional - Natural Gas","NY","36","Carbon Monoxide","CAP","12369.3888632","TON"
"Fires - Wildfires","CT","09","Carbon Dioxide","GHG","11231.861571","TON"
"Mobile - Non-Road Equipment - Diesel","NY","36","Carbon Monoxide","CAP","11063.168142127365","TON"
"Mobile - Commercial Marine Vessels","NY","36","Nitrogen Oxides","CAP","11016.70685332","TON"
"Mobile - Commercial Marine Vessels","NJ","34","Nitrogen Oxides","CAP","10681.19530792","TON"
"Fuel Comb - Residential - Natural Gas","NJ","34","Nitrogen Oxides","CAP","10415.57694","TON"
"Fuel Comb - Comm/Institutional - Natural Gas","NJ","34","Nitrogen Oxides","CAP","9633.02643","TON"
"Mobile - Non-Road Equipment - Gasoline","NY","36","Nitrogen Oxides","CAP","9624.55536936027","TON"
"Fuel Comb - Industrial Boilers, ICEs - Coal","NY","36","Sulfur Dioxide","CAP","9362.2287483","TON"
"Gas Stations","NY","36","Volatile Organic Compounds","CAP","9010.33631493586","TON"
"Fuel Comb - Residential - Wood","NY","36","Volatile Organic Compounds","CAP","9010.326301467370817629","TON"
"Mobile - Aircraft","NJ","34","Carbon Monoxide","CAP","8744.6653187990462","TON"
"Fuel Comb - Residential - Natural Gas","NY","36","Carbon Monoxide","CAP","8640.0002676","TON"
"Mobile - On-Road Diesel Heavy Duty Vehicles","NJ","34","Carbon Monoxide","CAP","8569.5084559","TON"
"Fires - Prescribed Fires","NY","36","Carbon Monoxide","CAP","8143.710854","TON"
"Fuel Comb - Comm/Institutional - Natural Gas","NJ","34","Carbon Monoxide","CAP","8005.55529","TON"
"Mobile - Non-Road Equipment - Gasoline","CT","09","Volatile Organic Compounds","CAP","7792.0641175173","TON"
"Fuel Comb - Residential - Oil","NY","36","Nitrogen Oxides","CAP","7520.18360775","TON"
"Fuel Comb - Comm/Institutional - Biomass","NY","36","Carbon Dioxide","GHG","7323.343","TON"
"Fuel Comb - Comm/Institutional - Other","NY","36","Carbon Dioxide","GHG","7285.65958","TON"
"Fires - Wildfires","NJ","34","Carbon Monoxide","CAP","7138.362372","TON"
"Waste Disposal","NY","36","Volatile Organic Compounds","CAP","7079.806645765","TON"
"Mobile - On-Road Diesel Light Duty Vehicles","NY","36","Carbon Monoxide","CAP","6729.9197996","TON"
"Gas Stations","NJ","34","Volatile Organic Compounds","CAP","6627.22712157","TON"
"Fuel Comb - Industrial Boilers, ICEs - Natural Gas","NY","36","Nitrogen Oxides","CAP","6615.7506723","TON"
"Mobile - Non-Road Equipment - Diesel","NJ","34","Carbon Monoxide","CAP","6337.38764500589","TON"
"Fuel Comb - Electric Generation - Natural Gas","NY","36","Nitrogen Oxides","CAP","6261.80007045","TON"
"Mobile - Non-Road Equipment - Other","NJ","34","Carbon Monoxide","CAP","6229.700830186","TON"
"Waste Disposal","NY","36","Nitrogen Oxides","CAP","6014.66742561","TON"
"Mobile - Locomotives","NJ","34","Nitrogen Oxides","CAP","6000.337171","TON"
"Fuel Comb - Residential - Wood","NJ","34","Volatile Organic Compounds","CAP","5653.461105135817832","TON"
"Fuel Comb - Industrial Boilers, ICEs - Oil","NJ","34","Carbon Dioxide","GHG","5546.3","TON"
"Fuel Comb - Industrial Boilers, ICEs - Biomass","NY","36","Carbon Monoxide","CAP","5249.8732115","TON"
"Mobile - Aircraft","NY","36","Nitrogen Oxides","CAP","5206.2698697596","TON"
"Mobile - Non-Road Equipment - Diesel","CT","09","Nitrogen Oxides","CAP","5058.78925741372","TON"
"Fuel Comb - Electric Generation - Natural Gas","NY","36","Carbon Monoxide","CAP","4846.958287","TON"
"Mobile - Aircraft","CT","09","Lead","CAP/HAP","4841.24985502","LB"
"Mobile - Non-Road Equipment - Gasoline","NJ","34","Nitrogen Oxides","CAP","4712.6358321901","TON"
"Fuel Comb - Industrial Boilers, ICEs - Natural Gas","NY","36","Carbon Monoxide","CAP","4659.4800043","TON"
"Fires - Wildfires","NY","36","Carbon Monoxide","CAP","4599.587602","TON"
"Mobile - On-Road non-Diesel Heavy Duty Vehicles","CT","09","Carbon Monoxide","CAP","4440.75069015","TON"
"Fuel Comb - Residential - Natural Gas","NJ","34","Carbon Monoxide","CAP","4432.16007","TON"
"Fires - Prescribed Fires","NJ","34","Volatile Organic Compounds","CAP","4010.157607","TON"
"Mobile - On-Road Diesel Heavy Duty Vehicles","CT","09","Nitrogen Oxides","CAP","3622.56468711","TON"
"Fuel Comb - Residential - Wood","CT","09","Volatile Organic Compounds","CAP","3616.99825521","TON"
"Commercial Cooking","NY","36","Carbon Monoxide","CAP","3609.6973238","TON"
"Mobile - On-Road Diesel Light Duty Vehicles","NJ","34","Carbon Monoxide","CAP","3400.744327","TON"
"Mobile - Non-Road Equipment - Other","CT","09","Carbon Monoxide","CAP","3367.0507537887","TON"
"Mobile - On-Road Diesel Heavy Duty Vehicles","NY","36","Volatile Organic Compounds","CAP","3325.811479034","TON"
"Mobile - On-Road non-Diesel Light Duty Vehicles","NY","36","Ammonia","CAP","3194.567189830278","TON"
"Mobile - Aircraft","NJ","34","Nitrogen Oxides","CAP","3162.02702798985","TON"
"Fuel Comb - Industrial Boilers, ICEs - Oil","NY","36","Nitrogen Oxides","CAP","3018.20974388","TON"
"Mobile - Non-Road Equipment - Other","NY","36","Nitrogen Oxides","CAP","2980.343004295698","TON"
"Fuel Comb - Residential - Oil","CT","09","Nitrogen Oxides","CAP","2771.3583006","TON"
"Waste Disposal","CT","09","Nitrogen Oxides","CAP","2726.348499","TON"
"Mobile - On-Road non-Diesel Heavy Duty Vehicles","NY","36","Nitrogen Oxides","CAP","2653.047842462","TON"
"Mobile - On-Road Diesel Light Duty Vehicles","NY","36","Nitrogen Oxides","CAP","2522.74924592","TON"
"Mobile - Non-Road Equipment - Gasoline","NY","36","Methane","GHG","2494.123285907871","TON"
"Fuel Comb - Comm/Institutional - Natural Gas","CT","09","Nitrogen Oxides","CAP","2411.199400717","TON"
"Mobile - Non-Road Equipment - Diesel","CT","09","Carbon Monoxide","CAP","2388.58087104309","TON"
"Fuel Comb - Electric Generation - Biomass","NY","36","Carbon Dioxide","GHG","2308.8305","TON"
"Fuel Comb - Residential - Natural Gas","CT","09","Nitrogen Oxides","CAP","2276.25698","TON"
"Mobile - On-Road Diesel Light Duty Vehicles","CT","09","Carbon Monoxide","CAP","2263.17287","TON"
"Waste Disposal","NJ","34","Nitrogen Oxides","CAP","2239.58177435","TON"
"Mobile - Locomotives","NY","36","Carbon Monoxide","CAP","2223.67329217","TON"
"Mobile - Non-Road Equipment - Diesel","NY","36","Volatile Organic Compounds","CAP","2174.884760391517","TON"
"Waste Disposal","NY","36","Methane","GHG","2126.46600825","TON"
"Fuel Comb - Electric Generation - Natural Gas","NJ","34","Nitrogen Oxides","CAP","2094.8451","TON"
"Waste Disposal","NJ","34","Volatile Organic Compounds","CAP","2046.8548063382","TON"
"Fuel Comb - Industrial Boilers, ICEs - Biomass","NY","36","Nitrogen Oxides","CAP","2006.1588257","TON"
"Mobile - On-Road non-Diesel Light Duty Vehicles","NJ","34","Ammonia","CAP","2002.188999755","TON"
"Fuel Comb - Comm/Institutional - Natural Gas","CT","09","Carbon Monoxide","CAP","1998.6752422","TON"
"Fires - Prescribed Fires","NY","36","Volatile Organic Compounds","CAP","1926.468197","TON"
"Mobile - Aircraft","CT","09","Carbon Monoxide","CAP","1869.522768118","TON"
"Fuel Comb - Industrial Boilers, ICEs - Oil","NY","36","Sulfur Dioxide","CAP","1863.3856753829","TON"
"Mobile - On-Road Diesel Heavy Duty Vehicles","NJ","34","Volatile Organic Compounds","CAP","1842.17149","TON"
"Fires - Agricultural Field Burning","NJ","34","Carbon Monoxide","CAP","1829.9384098","TON"
"Fuel Comb - Electric Generation - Oil","NJ","34","Carbon Dioxide","GHG","1815.4","TON"
"Mobile - Commercial Marine Vessels","CT","09","Nitrogen Oxides","CAP","1755.49940382","TON"
"Mobile - Non-Road Equipment - Gasoline","CT","09","Nitrogen Oxides","CAP","1720.4998260219","TON"
"Fires - Wildfires","NJ","34","Volatile Organic Compounds","CAP","1679.424661","TON"
"Fuel Comb - Residential - Other","NY","36","Nitrogen Oxides","CAP","1675.2119995","TON"
"Fuel Comb - Electric Generation - Other","NY","36","Carbon Monoxide","CAP","1658.07838","TON"
"Mobile - On-Road non-Diesel Light Duty Vehicles","NY","36","Methane","GHG","1627.648403909249","TON"
"Mobile - Aircraft","NY","36","Volatile Organic Compounds","CAP","1610.869108808329","TON"
"Mobile - On-Road non-Diesel Heavy Duty Vehicles","NJ","34","Nitrogen Oxides","CAP","1590.758978287","TON"
"Waste Disposal","NJ","34","Methane","GHG","1574.5062","TON"
"Fuel Comb - Residential - Oil","NY","36","Carbon Monoxide","CAP","1566.704987505","TON"
"Commercial Cooking","NJ","34","Carbon Monoxide","CAP","1541.2073106","TON"
"Mobile - Commercial Marine Vessels","NY","36","Carbon Monoxide","CAP","1530.98109348","TON"
"Mobile - Commercial Marine Vessels","NJ","34","Carbon Monoxide","CAP","1516.72966437","TON"
"Mobile - On-Road Diesel Heavy Duty Vehicles","CT","09","Carbon Monoxide","CAP","1515.11047189","TON"
"Fuel Comb - Industrial Boilers, ICEs - Other","NJ","34","Carbon Dioxide","GHG","1510.1","TON"
"Fuel Comb - Electric Generation - Coal","NY","36","Sulfur Dioxide","CAP","1435.7","TON"
"Gas Stations","CT","09","Volatile Organic Compounds","CAP","1417.2628039","TON"
"Fuel Comb - Industrial Boilers, ICEs - Coal","NY","36","Nitrogen Oxides","CAP","1410.38708772","TON"
"Mobile - On-Road non-Diesel Light Duty Vehicles","NY","36","Nitrous Oxide","GHG","1392.5011832164801","TON"
"Fuel Comb - Comm/Institutional - Oil","NY","36","Sulfur Dioxide","CAP","1381.4922893258","TON"
"Fuel Comb - Industrial Boilers, ICEs - Other","NY","36","Carbon Dioxide","GHG","1332.938","TON"
"Commercial Cooking","NY","36","Volatile Organic Compounds","CAP","1308.217146036","TON"
"Mobile - On-Road Diesel Light Duty Vehicles","NJ","34","Nitrogen Oxides","CAP","1295.7849805","TON"
"Fuel Comb - Electric Generation - Other","NJ","34","Methane","GHG","1264.018","TON"
"Mobile - Non-Road Equipment - Gasoline","NJ","34","Methane","GHG","1261.56174747912","TON"
"Fuel Comb - Industrial Boilers, ICEs - Biomass","CT","09","Carbon Monoxide","CAP","1258.47655","TON"
"Mobile - Non-Road Equipment - Other","NJ","34","Nitrogen Oxides","CAP","1220.013208653","TON"
"Fuel Comb - Industrial Boilers, ICEs - Natural Gas","CT","09","Nitrogen Oxides","CAP","1211.509542945","TON"
"Mobile - Non-Road Equipment - Diesel","NJ","34","Volatile Organic Compounds","CAP","1205.446958546158","TON"
"Fuel Comb - Residential - Natural Gas","NY","36","Volatile Organic Compounds","CAP","1187.999956295","TON"
"Fuel Comb - Residential - Oil","CT","09","Sulfur Dioxide","CAP","1173.4526318","TON"
"Fuel Comb - Electric Generation - Coal","NJ","34","Sulfur Dioxide","CAP","1149.873","TON"
"Mobile - Aircraft","NJ","34","Volatile Organic Compounds","CAP","1136.3371383431172","TON"
"Waste Disposal","NY","36","Sulfur Dioxide","CAP","1132.8748494825","TON"
"Mobile - On-Road non-Diesel Light Duty Vehicles","NY","36","Sulfur Dioxide","CAP","1103.971684766988","TON"
"Fuel Comb - Residential - Wood","NY","36","Nitrogen Oxides","CAP","1095.638014541542669599","TON"
"Fires - Wildfires","NY","36","Volatile Organic Compounds","CAP","1086.175805","TON"
"Fuel Comb - Electric Generation - Other","NJ","34","Carbon Monoxide","CAP","1078.1831","TON"
"Mobile - Locomotives","CT","09","Nitrogen Oxides","CAP","1032.22668","TON"
"Mobile - On-Road non-Diesel Light Duty Vehicles","NJ","34","Methane","GHG","1031.191736065","TON"
"Waste Disposal","CT","09","Volatile Organic Compounds","CAP","1021.942799078","TON"
"Mobile - On-Road non-Diesel Heavy Duty Vehicles","NY","36","Volatile Organic Compounds","CAP","1016.4559673364","TON"
"Fuel Comb - Residential - Oil","NJ","34","Nitrogen Oxides","CAP","1014.77570207","TON"
"Fuel Comb - Electric Generation - Coal","NY","36","Nitrogen Oxides","CAP","997.8","TON"
"Fuel Comb - Electric Generation - Coal","NJ","34","Nitrogen Oxides","CAP","978.77","TON"
"Fuel Comb - Residential - Natural Gas","CT","09","Carbon Monoxide","CAP","968.62","TON"
"Fuel Comb - Industrial Boilers, ICEs - Natural Gas","CT","09","Carbon Monoxide","CAP","960.7894911275","TON"
"Fuel Comb - Comm/Institutional - Natural Gas","NY","36","Volatile Organic Compounds","CAP","953.04266363","TON"
"Fuel Comb - Comm/Institutional - Oil","CT","09","Nitrogen Oxides","CAP","898.36856011","TON"
"Mobile - Non-Road Equipment - Other","NY","36","Methane","GHG","880.13549239422574","TON"
"Fires - Wildfires","CT","09","Carbon Monoxide","CAP","868.37015","TON"
"Mobile - On-Road non-Diesel Light Duty Vehicles","CT","09","Ammonia","CAP","861.9857833","TON"
"Bulk Gasoline Terminals","NY","36","Volatile Organic Compounds","CAP","858.9153515315","TON"
"Fuel Comb - Comm/Institutional - Biomass","NY","36","Carbon Monoxide","CAP","846.12967657","TON"
"Fires - Prescribed Fires","NJ","34","Methane","GHG","837.119462","TON"
"Fuel Comb - Industrial Boilers, ICEs - Biomass","NJ","34","Carbon Monoxide","CAP","833.122093","TON"
"Mobile - Locomotives","NJ","34","Carbon Monoxide","CAP","832.59594276","TON"
"Fuel Comb - Residential - Oil","CT","09","Carbon Monoxide","CAP","827.66628006","TON"
"Mobile - On-Road non-Diesel Light Duty Vehicles","NJ","34","Nitrous Oxide","GHG","809.792455707","TON"
"Fires - Prescribed Fires","CT","09","Carbon Monoxide","CAP","808.61241","TON"
"Bulk Gasoline Terminals","NJ","34","Volatile Organic Compounds","CAP","800.7028","TON"
"Fuel Comb - Electric Generation - Oil","NY","36","Sulfur Dioxide","CAP","799.03333675","TON"
"Mobile - On-Road Diesel Light Duty Vehicles","NY","36","Volatile Organic Compounds","CAP","793.54338896","TON"
"Fuel Comb - Residential - Oil","NY","36","Lead","CAP/HAP","783.35251528","LB"
"Fuel Comb - Residential - Wood","NJ","34","Nitrogen Oxides","CAP","776.518226281955695","TON"
"Mobile - On-Road Diesel Heavy Duty Vehicles","NY","36","Methane","GHG","732.9135010706","TON"
"Fuel Comb - Industrial Boilers, ICEs - Oil","NY","36","Carbon Monoxide","CAP","731.873983776","TON"
"Fuel Comb - Industrial Boilers, ICEs - Natural Gas","NJ","34","Nitrogen Oxides","CAP","723.8899","TON"
"Mobile - On-Road Diesel Light Duty Vehicles","CT","09","Nitrogen Oxides","CAP","721.627724","TON"
"Waste Disposal","CT","09","Carbon Monoxide","CAP","718.855627","TON"
"Mobile - Aircraft","NY","36","Sulfur Dioxide","CAP","700.46257539062","TON"
"Waste Disposal","NJ","34","Carbon Monoxide","CAP","692.34336383","TON"
"Fuel Comb - Residential - Natural Gas","NY","36","Ammonia","CAP","691.199992195","TON"
"Fuel Comb - Electric Generation - Other","NJ","34","Nitrogen Oxides","CAP","677.0194","TON"
"Fuel Comb - Electric Generation - Oil","NY","36","Nitrogen Oxides","CAP","663.96689625","TON"
"Fuel Comb - Electric Generation - Natural Gas","CT","09","Nitrogen Oxides","CAP","649.71893344","TON"
"Fuel Comb - Electric Generation - Natural Gas","NJ","34","Carbon Monoxide","CAP","643.7026","TON"
"Mobile - On-Road non-Diesel Light Duty Vehicles","NJ","34","Sulfur Dioxide","CAP","639.026568083","TON"
"Commercial Cooking","CT","09","Carbon Monoxide","CAP","634.3182379","TON"
"Mobile - Locomotives","NY","36","Volatile Organic Compounds","CAP","626.86513051","TON"
"Mobile - On-Road non-Diesel Heavy Duty Vehicles","NJ","34","Volatile Organic Compounds","CAP","613.657280254","TON"
"Fuel Comb - Residential - Natural Gas","NJ","34","Volatile Organic Compounds","CAP","609.422014","TON"
"Fuel Comb - Comm/Institutional - Natural Gas","NJ","34","Volatile Organic Compounds","CAP","576.666808","TON"
"Mobile - Non-Road Equipment - Other","CT","09","Nitrogen Oxides","CAP","574.6254958813","TON"
"Fuel Comb - Comm/Institutional - Other","NY","36","Nitrogen Oxides","CAP","566.52546596","TON"
"Fuel Comb - Industrial Boilers, ICEs - Other","NJ","34","Nitrogen Oxides","CAP","564.836197","TON"
"Commercial Cooking","NJ","34","Volatile Organic Compounds","CAP","557.65531686","TON"
"Waste Disposal","NJ","34","Sulfur Dioxide","CAP","552.603048177","TON"
"Mobile - Commercial Marine Vessels","NJ","34","Volatile Organic Compounds","CAP","552.47529381","TON"
"Fuel Comb - Industrial Boilers, ICEs - Natural Gas","NY","36","Volatile Organic Compounds","CAP","550.44535415","TON"
"Mobile - Non-Road Equipment - Other","NY","36","Volatile Organic Compounds","CAP","550.4058973979458","TON"
"Fuel Comb - Electric Generation - Coal","NJ","34","Carbon Monoxide","CAP","545.32","TON"
"Mobile - Commercial Marine Vessels","NY","36","Volatile Organic Compounds","CAP","535.64179124","TON"
"Fuel Comb - Residential - Other","NY","36","Sulfur Dioxide","CAP","517.520844","TON"
"Bulk Gasoline Terminals","NY","36","Carbon Dioxide","GHG","517.45825","TON"
"Fuel Comb - Electric Generation - Other","NY","36","Nitrogen Oxides","CAP","515.879865","TON"
"Fuel Comb - Residential - Other","CT","09","Nitrogen Oxides","CAP","512.14795","TON"
"Waste Disposal","NY","36","Ammonia","CAP","505.883130375","TON"
"Fuel Comb - Comm/Institutional - Oil","NY","36","Nitrogen Oxides","CAP","505.4177185449","TON"
"Fuel Comb - Comm/Institutional - Biomass","NJ","34","Carbon Monoxide","CAP","492.444395","TON"
"Fuel Comb - Electric Generation - Natural Gas","NJ","34","Ammonia","CAP","489.244","TON"
"Fuel Comb - Residential - Natural Gas","CT","09","Ammonia","CAP","484.309995","TON"
"Mobile - Non-Road Equipment - Diesel","CT","09","Volatile Organic Compounds","CAP","483.1017696504","TON"
"Fuel Comb - Residential - Wood","NY","36","Ammonia","CAP","477.3894053724669411383","TON"
"Mobile - Non-Road Equipment - Gasoline","CT","09","Methane","GHG","474.407622319051","TON"
"Fuel Comb - Electric Generation - Natural Gas","NY","36","Volatile Organic Compounds","CAP","464.37667075","TON"
"Fuel Comb - Industrial Boilers, ICEs - Biomass","CT","09","Nitrogen Oxides","CAP","461.4414","TON"
"Fuel Comb - Residential - Wood","CT","09","Nitrogen Oxides","CAP","456.28260809","TON"
"Mobile - On-Road non-Diesel Light Duty Vehicles","CT","09","Methane","GHG","455.6490111","TON"
"Fuel Comb - Comm/Institutional - Oil","NJ","34","Nitrogen Oxides","CAP","441.686726111","TON"
"Waste Disposal","CT","09","Lead","CAP/HAP","424.05047024","LB"
"Fuel Comb - Residential - Oil","CT","09","Lead","CAP/HAP","418.46555598","LB"
"Mobile - On-Road non-Diesel Light Duty Vehicles","CT","09","Nitrous Oxide","GHG","410.19539616","TON"
"Fuel Comb - Comm/Institutional - Other","NY","36","Carbon Monoxide","CAP","407.0167409","TON"
"Fires - Prescribed Fires","NY","36","Methane","GHG","402.472097","TON"
"Fuel Comb - Electric Generation - Natural Gas","NY","36","Sulfur Dioxide","CAP","397.64409015","TON"
"Mobile - On-Road Diesel Heavy Duty Vehicles","NJ","34","Methane","GHG","396.908874677","TON"
"Fuel Comb - Industrial Boilers, ICEs - Natural Gas","NY","36","Methane","GHG","384.0605536","TON"
"Fuel Comb - Industrial Boilers, ICEs - Oil","CT","09","Nitrogen Oxides","CAP","382.634102798","TON"
"Mobile - Non-Road Equipment - Other","NJ","34","Methane","GHG","382.6124659539091","TON"
"Mobile - Aircraft","NJ","34","Sulfur Dioxide","CAP","375.37083246801","TON"
"Fuel Comb - Industrial Boilers, ICEs - Natural Gas","NJ","34","Carbon Monoxide","CAP","375.2935","TON"
"Fuel Comb - Electric Generation - Natural Gas","CT","09","Carbon Monoxide","CAP","350.4198723962","TON"
"Fires - Wildfires","NJ","34","Methane","GHG","345.772647","TON"
"Fuel Comb - Residential - Oil","NJ","34","Carbon Monoxide","CAP","342.090010005","TON"
"Fuel Comb - Residential - Wood","NJ","34","Ammonia","CAP","338.5011520045777217","TON"
"Fuel Comb - Electric Generation - Natural Gas","NY","36","Ammonia","CAP","334.48102025","TON"
"Waste Disposal","NY","36","Lead","CAP/HAP","330.0882","LB"
"Fuel Comb - Residential - Other","NJ","34","Nitrogen Oxides","CAP","329.280023","TON"
"Waste Disposal","NJ","34","Lead","CAP/HAP","329","LB"
"Waste Disposal","NJ","34","Ammonia","CAP","324.128333","TON"
"Fuel Comb - Comm/Institutional - Biomass","NY","36","Nitrogen Oxides","CAP","318.92087778","TON"
"Fuel Comb - Electric Generation - Other","NY","36","Volatile Organic Compounds","CAP","313.438028","TON"
"Waste Disposal","CT","09","Sulfur Dioxide","CAP","310.20878993","TON"
"Mobile - On-Road Diesel Light Duty Vehicles","NJ","34","Volatile Organic Compounds","CAP","308.4427621","TON"
"Mobile - Aircraft","CT","09","Nitrogen Oxides","CAP","307.7401896042","TON"
"Waste Disposal","CT","09","Ammonia","CAP","305.50570768","TON"
"Fuel Comb - Industrial Boilers, ICEs - Biomass","NJ","34","Nitrogen Oxides","CAP","305.478121","TON"
"Fuel Comb - Electric Generation - Other","NY","36","Sulfur Dioxide","CAP","300.6008875","TON"
"Mobile - On-Road Diesel Heavy Duty Vehicles","CT","09","Volatile Organic Compounds","CAP","296.131705387","TON"
"Mobile - Locomotives","NJ","34","Volatile Organic Compounds","CAP","291.151586773","TON"
"Fuel Comb - Comm/Institutional - Other","NJ","34","Methane","GHG","287.4371","TON"
"Fires - Prescribed Fires","NJ","34","Ammonia","CAP","278.967991","TON"
"Mobile - On-Road non-Diesel Heavy Duty Vehicles","NY","36","Methane","GHG","278.55493567879","TON"
"Fuel Comb - Comm/Institutional - Biomass","CT","09","Carbon Monoxide","CAP","270.551893","TON"
"Mobile - On-Road Diesel Light Duty Vehicles","CT","09","Volatile Organic Compounds","CAP","267.919816","TON"
"Fires - Prescribed Fires","NJ","34","Nitrogen Oxides","CAP","265.166018","TON"
"Mobile - On-Road non-Diesel Light Duty Vehicles","CT","09","Sulfur Dioxide","CAP","264.60325875","TON"
"Fires - Agricultural Field Burning","NJ","34","Volatile Organic Compounds","CAP","261.87750114","TON"
"Fuel Comb - Residential - Wood","NY","36","Sulfur Dioxide","CAP","260.5178888710816810075","TON"
"Mobile - Commercial Marine Vessels","CT","09","Carbon Monoxide","CAP","257.58548975","TON"
"Fuel Comb - Electric Generation - Coal","NY","36","Lead","CAP/HAP","251.377073","LB"
"Fuel Comb - Residential - Oil","NY","36","Ammonia","CAP","250.672798163","TON"
"Mobile - Non-Road Equipment - Other","NJ","34","Volatile Organic Compounds","CAP","234.276699243645","TON"
"Commercial Cooking","CT","09","Volatile Organic Compounds","CAP","230.25701892","TON"
"Fuel Comb - Electric Generation - Coal","CT","09","Sulfur Dioxide","CAP","227.654","TON"
"Fuel Comb - Residential - Other","NY","36","Carbon Monoxide","CAP","227.350198","TON"
"Fires - Wildfires","NY","36","Methane","GHG","225.872221","TON"
"Mobile - On-Road non-Diesel Heavy Duty Vehicles","NJ","34","Methane","GHG","223.8896615856","TON"
"Fuel Comb - Industrial Boilers, ICEs - Biomass","NY","36","Sulfur Dioxide","CAP","220.34472686","TON"
"Fuel Comb - Comm/Institutional - Other","CT","09","Nitrogen Oxides","CAP","216.69227455","TON"
"Mobile - On-Road non-Diesel Heavy Duty Vehicles","CT","09","Nitrogen Oxides","CAP","216.31808979164","TON"
"Fuel Comb - Residential - Natural Gas","NY","36","Lead","CAP/HAP","215.99998298","LB"
"Mobile - On-Road Diesel Heavy Duty Vehicles","NY","36","Ammonia","CAP","215.6372030939","TON"
"Bulk Gasoline Terminals","CT","09","Volatile Organic Compounds","CAP","209.095436116","TON"
"Fuel Comb - Electric Generation - Natural Gas","CT","09","Ammonia","CAP","208.1005131007751946","TON"
"Fires - Wildfires","CT","09","Volatile Organic Compounds","CAP","205.362747","TON"
"Fuel Comb - Comm/Institutional - Oil","CT","09","Carbon Monoxide","CAP","197.731133662","TON"
"Fires - Prescribed Fires","CT","09","Volatile Organic Compounds","CAP","192.253188","TON"
"Mobile - On-Road non-Diesel Heavy Duty Vehicles","CT","09","Volatile Organic Compounds","CAP","191.91902715245","TON"
"Fuel Comb - Residential - Wood","CT","09","Ammonia","CAP","191.613861795","TON"
"Fuel Comb - Comm/Institutional - Other","NJ","34","Carbon Monoxide","CAP","188.4575492","TON"
"Fuel Comb - Electric Generation - Other","NY","36","Lead","CAP/HAP","188.3738","LB"
"Fuel Comb - Residential - Other","NJ","34","Carbon Monoxide","CAP","186.984008","TON"
"Mobile - Commercial Marine Vessels","NJ","34","Sulfur Dioxide","CAP","182.23528413","TON"
"Fuel Comb - Comm/Institutional - Natural Gas","NJ","34","Methane","GHG","181.9374","TON"
"Fuel Comb - Electric Generation - Coal","NY","36","Carbon Monoxide","CAP","181.64205","TON"
"Fuel Comb - Comm/Institutional - Biomass","NJ","34","Nitrogen Oxides","CAP","180.5629381","TON"
"Fuel Comb - Electric Generation - Other","NJ","34","Volatile Organic Compounds","CAP","179.0513","TON"
"Fuel Comb - Industrial Boilers, ICEs - Other","NJ","34","Carbon Monoxide","CAP","178.185828","TON"
"Fuel Comb - Industrial Boilers, ICEs - Natural Gas","NY","36","Ammonia","CAP","171.27785591","TON"
"Fuel Comb - Electric Generation - Oil","CT","09","Nitrogen Oxides","CAP","167.8849635986","TON"
"Fuel Comb - Electric Generation - Coal","CT","09","Nitrogen Oxides","CAP","167.6","TON"
"Mobile - Non-Road Equipment - Other","CT","09","Methane","GHG","167.473100901","TON"
"Fuel Comb - Comm/Institutional - Other","NJ","34","Nitrogen Oxides","CAP","167.0903996","TON"
"Fuel Comb - Residential - Oil","CT","09","Ammonia","CAP","165.53324901","TON"
"Fuel Comb - Electric Generation - Oil","NY","36","Carbon Monoxide","CAP","161.4687842","TON"
"Fuel Comb - Industrial Boilers, ICEs - Natural Gas","NJ","34","Lead","CAP/HAP","161.4","LB"
"Fuel Comb - Electric Generation - Oil","CT","09","Sulfur Dioxide","CAP","161.29048795802","TON"
"Fuel Comb - Industrial Boilers, ICEs - Oil","NY","36","Lead","CAP/HAP","161.2471978708","LB"
"Fuel Comb - Industrial Boilers, ICEs - Natural Gas","NJ","34","Methane","GHG","160.2958","TON"
"Fuel Comb - Electric Generation - Other","NJ","34","Sulfur Dioxide","CAP","159.2183","TON"
"Fires - Agricultural Field Burning","NY","36","Carbon Monoxide","CAP","156.79","TON"
"Fuel Comb - Industrial Boilers, ICEs - Oil","NY","36","Volatile Organic Compounds","CAP","156.282364274","TON"
"Fuel Comb - Industrial Boilers, ICEs - Biomass","NY","36","Volatile Organic Compounds","CAP","155.0379485","TON"
"Fuel Comb - Comm/Institutional - Oil","NJ","34","Carbon Monoxide","CAP","154.650446487","TON"
"Fuel Comb - Industrial Boilers, ICEs - Coal","NY","36","Carbon Monoxide","CAP","150.76498892","TON"
"Fuel Comb - Comm/Institutional - Oil","CT","09","Sulfur Dioxide","CAP","150.281479382716","TON"
"Fuel Comb - Comm/Institutional - Natural Gas","NY","36","Lead","CAP/HAP","149.022787087248","LB"
"Mobile - Aircraft","CT","09","Volatile Organic Compounds","CAP","146.8471763115015","TON"
"Fuel Comb - Industrial Boilers, ICEs - Oil","NJ","34","Nitrogen Oxides","CAP","146.037819986","TON"
"Fuel Comb - Electric Generation - Natural Gas","NJ","34","Volatile Organic Compounds","CAP","145.2848","TON"
"Fuel Comb - Residential - Other","CT","09","Carbon Monoxide","CAP","145.235988","TON"
"Mobile - Commercial Marine Vessels","NY","36","Sulfur Dioxide","CAP","139.10678525","TON"
"Fires - Prescribed Fires","NJ","34","Sulfur Dioxide","CAP","137.7651222","TON"
"Fuel Comb - Residential - Wood","NJ","34","Sulfur Dioxide","CAP","136.7577716440086712","TON"
"Fuel Comb - Comm/Institutional - Natural Gas","CT","09","Volatile Organic Compounds","CAP","136.586951593","TON"
"Fuel Comb - Industrial Boilers, ICEs - Natural Gas","NJ","34","Volatile Organic Compounds","CAP","134.0162","TON"
"Fires - Prescribed Fires","NY","36","Ammonia","CAP","134.0149396","TON"
"Fuel Comb - Residential - Natural Gas","CT","09","Volatile Organic Compounds","CAP","133.185247","TON"
"Fuel Comb - Industrial Boilers, ICEs - Other","NY","36","Sulfur Dioxide","CAP","132.52309648071","TON"
"Mobile - Locomotives","CT","09","Carbon Monoxide","CAP","130.132802","TON"
"Fires - Agricultural Field Burning","NJ","34","Nitrogen Oxides","CAP","129.68687733","TON"
"Fuel Comb - Residential - Natural Gas","NY","36","Sulfur Dioxide","CAP","129.599994314","TON"
"Fires - Prescribed Fires","NY","36","Nitrogen Oxides","CAP","129.4389278","TON"
"Mobile - On-Road Diesel Heavy Duty Vehicles","NJ","34","Ammonia","CAP","123.4897551012","TON"
"Fuel Comb - Comm/Institutional - Other","CT","09","Carbon Monoxide","CAP","122.2229001","TON"
"Fuel Comb - Residential - Oil","NJ","34","Lead","CAP/HAP","119.388961271182207319346","LB"
"Fuel Comb - Electric Generation - Oil","NJ","34","Nitrogen Oxides","CAP","118.1391","TON"
"Fuel Comb - Residential - Oil","CT","09","Volatile Organic Compounds","CAP","118.022104004","TON"
"Mobile - Non-Road Equipment - Diesel","NY","36","Methane","GHG","117.067915493811","TON"
"Fires - Wildfires","NJ","34","Ammonia","CAP","116.826568","TON"
"Solvent - Dry Cleaning","NY","36","Volatile Organic Compounds","CAP","114.29099999","TON"
"Fuel Comb - Industrial Boilers, ICEs - Natural Gas","CT","09","Volatile Organic Compounds","CAP","113.728548943","TON"
"Mobile - Non-Road Equipment - Other","CT","09","Volatile Organic Compounds","CAP","113.093788684","TON"
"Fuel Comb - Electric Generation - Natural Gas","NJ","34","Sulfur Dioxide","CAP","112.0689","TON"
"Fuel Comb - Comm/Institutional - Natural Gas","NY","36","Sulfur Dioxide","CAP","109.022189741","TON"
"Fuel Comb - Residential - Oil","NY","36","Volatile Organic Compounds","CAP","106.5359410925","TON"
"Fuel Comb - Industrial Boilers, ICEs - Other","NY","36","Nitrogen Oxides","CAP","104.861778687","TON"
"Mobile - On-Road Diesel Heavy Duty Vehicles","NY","36","Sulfur Dioxide","CAP","104.0685798235","TON"
"Fuel Comb - Comm/Institutional - Biomass","CT","09","Nitrogen Oxides","CAP","99.202359","TON"
"Fuel Comb - Comm/Institutional - Natural Gas","NJ","34","Lead","CAP/HAP","92.5079998894539965086","LB"
"Fuel Comb - Residential - Wood","CT","09","Sulfur Dioxide","CAP","91.804565524","TON"
"Mobile - On-Road Diesel Heavy Duty Vehicles","CT","09","Methane","GHG","88.870691493","TON"
"Fuel Comb - Electric Generation - Oil","NJ","34","Lead","CAP/HAP","86.86615","LB"
"Mobile - On-Road Diesel Light Duty Vehicles","NY","36","Methane","GHG","84.005840053","TON"
"Fuel Comb - Industrial Boilers, ICEs - Biomass","NY","36","Lead","CAP/HAP","83.99227232","LB"
"Mobile - On-Road Diesel Light Duty Vehicles","NJ","34","Methane","GHG","82.40705252","TON"
"Fires - Wildfires","NJ","34","Nitrogen Oxides","CAP","80.435537","TON"
"Fuel Comb - Electric Generation - Biomass","CT","09","Nitrogen Oxides","CAP","79.5486","TON"
"Fuel Comb - Comm/Institutional - Oil","NY","36","Carbon Monoxide","CAP","75.5763709165","TON"
"Fires - Wildfires","NY","36","Ammonia","CAP","75.560505","TON"
"Fuel Comb - Comm/Institutional - Natural Gas","NY","36","Ammonia","CAP","72.229067386","TON"
"Fuel Comb - Electric Generation - Other","NY","36","Methane","GHG","70.19564","TON"
"Mobile - Commercial Marine Vessels","CT","09","Volatile Organic Compounds","CAP","69.67074971","TON"
"Fuel Comb - Residential - Oil","NJ","34","Ammonia","CAP","68.3938511027","TON"
"Fuel Comb - Electric Generation - Natural Gas","NY","36","Lead","CAP/HAP","68.029556","LB"
"Fuel Comb - Industrial Boilers, ICEs - Coal","NY","36","Lead","CAP/HAP","67.846701972","LB"
"Fires - Prescribed Fires","NY","36","Sulfur Dioxide","CAP","66.8018535","TON"
"Fuel Comb - Residential - Oil","NY","36","Sulfur Dioxide","CAP","66.7416338545","TON"
"Fuel Comb - Residential - Natural Gas","NJ","34","Sulfur Dioxide","CAP","66.4824013","TON"
"Fires - Wildfires","NY","36","Nitrogen Oxides","CAP","66.305571","TON"
"Fuel Comb - Electric Generation - Oil","NJ","34","Carbon Monoxide","CAP","65.5886","TON"
"Fuel Comb - Electric Generation - Natural Gas","CT","09","Volatile Organic Compounds","CAP","65.112660903","TON"
"Mobile - Non-Road Equipment - Diesel","NJ","34","Methane","GHG","64.7713375659","TON"
"Fuel Comb - Comm/Institutional - Other","NY","36","Sulfur Dioxide","CAP","64.2580074117","TON"
"Mobile - On-Road Diesel Heavy Duty Vehicles","NJ","34","Sulfur Dioxide","CAP","62.8713973098","TON"
"Fuel Comb - Industrial Boilers, ICEs - Oil","CT","09","Carbon Monoxide","CAP","61.7825275946","TON"
"Mobile - Commercial Marine Vessels","NY","36","Lead","CAP/HAP","61.63939090161","LB"
"Mobile - Commercial Marine Vessels","NJ","34","Lead","CAP/HAP","61.285923421225","LB"
"Fuel Comb - Comm/Institutional - Natural Gas","NJ","34","Sulfur Dioxide","CAP","59.2764983","TON"
"Fuel Comb - Comm/Institutional - Natural Gas","NY","36","Methane","GHG","56.8461372","TON"
"Mobile - Non-Road Equipment - Gasoline","NY","36","Sulfur Dioxide","CAP","56.66802181596152","TON"
"Fuel Comb - Industrial Boilers, ICEs - Biomass","NY","36","Ammonia","CAP","55.668458739","TON"
"Fuel Comb - Comm/Institutional - Natural Gas","NJ","34","Ammonia","CAP","54.6568215","TON"
"Fuel Comb - Electric Generation - Oil","NY","36","Lead","CAP/HAP","54.371104","LB"
"Fuel Comb - Residential - Natural Gas","NJ","34","Ammonia","CAP","54.2939593","TON"
"Fuel Comb - Industrial Boilers, ICEs - Natural Gas","NY","36","Sulfur Dioxide","CAP","53.986025369","TON"
"Fuel Comb - Industrial Boilers, ICEs - Biomass","CT","09","Sulfur Dioxide","CAP","52.436528","TON"
"Fuel Comb - Industrial Boilers, ICEs - Oil","NJ","34","Carbon Monoxide","CAP","52.2122800034","TON"
"Fires - Agricultural Field Burning","NJ","34","Sulfur Dioxide","CAP","51.25492545","TON"
"Mobile - On-Road non-Diesel Heavy Duty Vehicles","NY","36","Ammonia","CAP","50.62065957853","TON"
"Fuel Comb - Residential - Oil","NJ","34","Volatile Organic Compounds","CAP","48.782033901","TON"
"Mobile - Locomotives","CT","09","Volatile Organic Compounds","CAP","48.6650393","TON"
"Fires - Wildfires","NJ","34","Sulfur Dioxide","CAP","48.4554","TON"
"Mobile - Aircraft","CT","09","Sulfur Dioxide","CAP","45.28366866467","TON"
"Fuel Comb - Comm/Institutional - Oil","CT","09","Volatile Organic Compounds","CAP","44.4102183491","TON"
"Fuel Comb - Electric Generation - Oil","NY","36","Ammonia","CAP","44.37708","TON"
"Fuel Comb - Industrial Boilers, ICEs - Natural Gas","NJ","34","Sulfur Dioxide","CAP","43.925","TON"
"Fuel Comb - Electric Generation - Coal","NY","36","Volatile Organic Compounds","CAP","43.8785","TON"
"Fires - Wildfires","CT","09","Methane","GHG","42.871036","TON"
"Fuel Comb - Comm/Institutional - Oil","CT","09","Lead","CAP/HAP","42.34229498408","LB"
"Fuel Comb - Comm/Institutional - Biomass","NY","36","Sulfur Dioxide","CAP","41.74670164","TON"
"Fires - Prescribed Fires","CT","09","Methane","GHG","40.699269","TON"
"Mobile - Non-Road Equipment - Gasoline","NY","36","Ammonia","CAP","40.49408206388884","TON"
"Mobile - On-Road non-Diesel Heavy Duty Vehicles","NY","36","Nitrous Oxide","GHG","39.57918479017","TON"
"Fuel Comb - Industrial Boilers, ICEs - Natural Gas","NY","36","Lead","CAP/HAP","39.339109413968","LB"
"Fuel Comb - Electric Generation - Biomass","CT","09","Carbon Monoxide","CAP","38.8791","TON"
"Fuel Comb - Electric Generation - Other","NJ","34","Lead","CAP/HAP","38.2","LB"
"Fuel Comb - Electric Generation - Biomass","NY","36","Carbon Monoxide","CAP","38.1668","TON"
"Fuel Comb - Industrial Boilers, ICEs - Natural Gas","CT","09","Ammonia","CAP","37.69432315","TON"
"Mobile - Non-Road Equipment - Diesel","NY","36","Sulfur Dioxide","CAP","37.003817930511","TON"
"Mobile - Non-Road Equipment - Diesel","NY","36","Ammonia","CAP","36.86472452349","TON"
"Fuel Comb - Comm/Institutional - Other","NJ","34","Volatile Organic Compounds","CAP","36.25295983","TON"
"Fuel Comb - Electric Generation - Oil","NY","36","Volatile Organic Compounds","CAP","36.07633255","TON"
"Fuel Comb - Comm/Institutional - Oil","NJ","34","Volatile Organic Compounds","CAP","35.99520419023","TON"
"Fuel Comb - Residential - Other","NY","36","Volatile Organic Compounds","CAP","35.8974001","TON"
"Fuel Comb - Industrial Boilers, ICEs - Biomass","CT","09","Volatile Organic Compounds","CAP","35.6568368","TON"
"Fires - Wildfires","NY","36","Sulfur Dioxide","CAP","35.64951","TON"
"Fuel Comb - Industrial Boilers, ICEs - Other","NY","36","Carbon Monoxide","CAP","35.107612304","TON"
"Fuel Comb - Industrial Boilers, ICEs - Biomass","NJ","34","Sulfur Dioxide","CAP","34.7134208","TON"
"Fuel Comb - Electric Generation - Coal","CT","09","Carbon Monoxide","CAP","34.35909","TON"
"Fuel Comb - Electric Generation - Natural Gas","CT","09","Sulfur Dioxide","CAP","34.0331979788","TON"
"Mobile - Non-Road Equipment - Other","NY","36","Sulfur Dioxide","CAP","33.392577388858768","TON"
"Fuel Comb - Electric Generation - Oil","CT","09","Carbon Monoxide","CAP","32.7924537459","TON"
"Fires - Agricultural Field Burning","NJ","34","Ammonia","CAP","30.99134958","TON"
"Fuel Comb - Industrial Boilers, ICEs - Oil","CT","09","Sulfur Dioxide","CAP","30.865306856165","TON"
"Fuel Comb - Industrial Boilers, ICEs - Other","NY","36","Lead","CAP/HAP","29.4024","LB"
"Fuel Comb - Comm/Institutional - Other","NY","36","Volatile Organic Compounds","CAP","28.307530737","TON"
"Mobile - Non-Road Equipment - Gasoline","NJ","34","Sulfur Dioxide","CAP","27.9480790997162","TON"
"Fuel Comb - Electric Generation - Biomass","NY","36","Nitrogen Oxides","CAP","27.707","TON"
"Mobile - On-Road Diesel Light Duty Vehicles","NY","36","Ammonia","CAP","27.257331846","TON"
"Fuel Comb - Industrial Boilers, ICEs - Oil","NY","36","Methane","GHG","27.20317105","TON"
"Mobile - On-Road non-Diesel Heavy Duty Vehicles","NY","36","Sulfur Dioxide","CAP","26.792950745575","TON"
"Mobile - On-Road non-Diesel Heavy Duty Vehicles","NJ","34","Nitrous Oxide","GHG","26.5809663544","TON"
"Mobile - Non-Road Equipment - Diesel","NJ","34","Ammonia","CAP","25.629729805293","TON"
"Mobile - On-Road Diesel Light Duty Vehicles","CT","09","Methane","GHG","25.4066276","TON"
"Mobile - Non-Road Equipment - Diesel","NJ","34","Sulfur Dioxide","CAP","24.7385988277882","TON"
"Fuel Comb - Comm/Institutional - Biomass","NY","36","Volatile Organic Compounds","CAP","24.594005604","TON"
"Mobile - Non-Road Equipment - Diesel","CT","09","Methane","GHG","24.5086141873","TON"
"Mobile - On-Road non-Diesel Heavy Duty Vehicles","NJ","34","Ammonia","CAP","24.14001626592","TON"
"Solvent - Dry Cleaning","NJ","34","Volatile Organic Compounds","CAP","24.1199","TON"
"Fuel Comb - Comm/Institutional - Natural Gas","CT","09","Lead","CAP/HAP","23.85710555","LB"
"Mobile - On-Road Diesel Heavy Duty Vehicles","NY","36","Nitrous Oxide","GHG","23.73058233791","TON"
"Fuel Comb - Industrial Boilers, ICEs - Biomass","NJ","34","Volatile Organic Compounds","CAP","23.6051265","TON"
"Fuel Comb - Industrial Boilers, ICEs - Other","NJ","34","Sulfur Dioxide","CAP","23.19120871","TON"
"Fuel Comb - Comm/Institutional - Oil","NY","36","Lead","CAP/HAP","23.10353932714","LB"
"Mobile - On-Road Diesel Light Duty Vehicles","NJ","34","Ammonia","CAP","22.73921621","TON"
"Solvent - Dry Cleaning","CT","09","Volatile Organic Compounds","CAP","22.3278","TON"
"Fires - Agricultural Field Burning","NY","36","Volatile Organic Compounds","CAP","21.852","TON"
"Fuel Comb - Industrial Boilers, ICEs - Other","NJ","34","Volatile Organic Compounds","CAP","21.84758008","TON"
"Fires - Agricultural Field Burning","NY","36","Ammonia","CAP","21.542","TON"
"Mobile - On-Road Diesel Heavy Duty Vehicles","CT","09","Ammonia","CAP","21.2150328351","TON"
"Fuel Comb - Comm/Institutional - Biomass","NJ","34","Sulfur Dioxide","CAP","20.51851713","TON"
"Fuel Comb - Industrial Boilers, ICEs - Oil","NY","36","Ammonia","CAP","20.1819877122","TON"
"Fuel Comb - Residential - Other","CT","09","Volatile Organic Compounds","CAP","19.938101","TON"
"Mobile - Non-Road Equipment - Gasoline","NJ","34","Ammonia","CAP","19.7269036360376","TON"
"Fuel Comb - Comm/Institutional - Oil","NJ","34","Ammonia","CAP","19.4610000166","TON"
"Fuel Comb - Electric Generation - Coal","NJ","34","Lead","CAP/HAP","19.1766041","LB"
"Fuel Comb - Comm/Institutional - Natural Gas","CT","09","Sulfur Dioxide","CAP","18.71693054","TON"
"Fuel Comb - Electric Generation - Natural Gas","NJ","34","Lead","CAP/HAP","18.6","LB"
"Fuel Comb - Industrial Boilers, ICEs - Natural Gas","NJ","34","Ammonia","CAP","18.1955","TON"
"Fuel Comb - Comm/Institutional - Natural Gas","CT","09","Ammonia","CAP","18.1723056445","TON"
"Mobile - Non-Road Equipment - Other","NJ","34","Sulfur Dioxide","CAP","16.586961830530141","TON"
"Fires - Prescribed Fires","CT","09","Nitrogen Oxides","CAP","16.32134","TON"
"Fuel Comb - Industrial Boilers, ICEs - Oil","NJ","34","Volatile Organic Compounds","CAP","16.08460320006","TON"
"Fuel Comb - Comm/Institutional - Oil","NY","36","Volatile Organic Compounds","CAP","15.879941948656","TON"
"Fuel Comb - Electric Generation - Oil","CT","09","Lead","CAP/HAP","14.8446480684","LB"
"Fuel Comb - Industrial Boilers, ICEs - Biomass","CT","09","Ammonia","CAP","14.6822267","TON"
"Fuel Comb - Residential - Oil","NJ","34","Sulfur Dioxide","CAP","14.5730338007","TON"
"Fuel Comb - Residential - Natural Gas","CT","09","Sulfur Dioxide","CAP","14.5293009","TON"
"Fuel Comb - Industrial Boilers, ICEs - Oil","NJ","34","Lead","CAP/HAP","14.450162706557261193819","LB"
"Fuel Comb - Comm/Institutional - Oil","CT","09","Ammonia","CAP","14.422417469","TON"
"Fires - Wildfires","CT","09","Ammonia","CAP","14.286204","TON"
"Fuel Comb - Comm/Institutional - Biomass","NJ","34","Volatile Organic Compounds","CAP","13.95259035","TON"
"Fires - Wildfires","CT","09","Nitrogen Oxides","CAP","13.594235","TON"
"Fires - Prescribed Fires","CT","09","Ammonia","CAP","13.37413","TON"
"Mobile - On-Road non-Diesel Heavy Duty Vehicles","NJ","34","Sulfur Dioxide","CAP","13.34824061516","TON"
"Fuel Comb - Electric Generation - Oil","NJ","34","Sulfur Dioxide","CAP","13.1959","TON"
"Fuel Comb - Industrial Boilers, ICEs - Natural Gas","CT","09","Sulfur Dioxide","CAP","12.9301119072","TON"
"Mobile - On-Road Diesel Heavy Duty Vehicles","NJ","34","Nitrous Oxide","GHG","12.0351823082","TON"
"Fuel Comb - Electric Generation - Coal","NJ","34","Volatile Organic Compounds","CAP","11.68","TON"
"Fuel Comb - Industrial Boilers, ICEs - Oil","NJ","34","Sulfur Dioxide","CAP","11.41162677213","TON"
"Fuel Comb - Industrial Boilers, ICEs - Coal","NY","36","Volatile Organic Compounds","CAP","11.3317798892","TON"
"Gas Stations","NY","36","Lead","CAP/HAP","11.292421904952","LB"
"Fuel Comb - Comm/Institutional - Biomass","CT","09","Sulfur Dioxide","CAP","11.2729964","TON"
"Mobile - Commercial Marine Vessels","CT","09","Lead","CAP/HAP","11.10091839848","LB"
"Mobile - On-Road Diesel Heavy Duty Vehicles","CT","09","Sulfur Dioxide","CAP","10.8425255382","TON"
"Fuel Comb - Comm/Institutional - Other","NJ","34","Sulfur Dioxide","CAP","10.839319417","TON"
"Mobile - On-Road non-Diesel Heavy Duty Vehicles","CT","09","Methane","GHG","10.05744926896","TON"
"Mobile - Non-Road Equipment - Gasoline","CT","09","Sulfur Dioxide","CAP","9.7629462296679","TON"
"Fuel Comb - Industrial Boilers, ICEs - Biomass","NJ","34","Ammonia","CAP","9.71975867","TON"
"Fuel Comb - Industrial Boilers, ICEs - Natural Gas","CT","09","Lead","CAP/HAP","9.40860478","LB"
"Fuel Comb - Comm/Institutional - Biomass","NY","36","Lead","CAP/HAP","9.1019","LB"
"Fuel Comb - Electric Generation - Coal","NY","36","Ammonia","CAP","8.433755","TON"
"Fuel Comb - Industrial Boilers, ICEs - Oil","CT","09","Volatile Organic Compounds","CAP","8.3969962798","TON"
"Mobile - On-Road non-Diesel Heavy Duty Vehicles","CT","09","Nitrous Oxide","GHG","8.04550567904","TON"
"Fuel Comb - Comm/Institutional - Other","CT","09","Volatile Organic Compounds","CAP","8.017049605","TON"
"Fuel Comb - Comm/Institutional - Oil","NJ","34","Sulfur Dioxide","CAP","8.01540976863","TON"
"Mobile - Locomotives","NY","36","Sulfur Dioxide","CAP","7.82306756722","TON"
"Mobile - On-Road Diesel Light Duty Vehicles","NY","36","Sulfur Dioxide","CAP","7.7196642528","TON"
"Fires - Prescribed Fires","CT","09","Sulfur Dioxide","CAP","7.69376","TON"
"Fuel Comb - Comm/Institutional - Biomass","CT","09","Volatile Organic Compounds","CAP","7.6656366","TON"
"Fuel Comb - Comm/Institutional - Oil","NY","36","Ammonia","CAP","7.5186689576273","TON"
"Mobile - Non-Road Equipment - Gasoline","CT","09","Ammonia","CAP","7.4718729024343","TON"
"Fuel Comb - Industrial Boilers, ICEs - Oil","CT","09","Lead","CAP/HAP","7.46989467","LB"
"Mobile - Non-Road Equipment - Diesel","CT","09","Sulfur Dioxide","CAP","7.341581092826","TON"
"Mobile - Commercial Marine Vessels","CT","09","Sulfur Dioxide","CAP","7.33553046","TON"
"Mobile - Non-Road Equipment - Diesel","CT","09","Ammonia","CAP","7.3089125212","TON"
"Mobile - On-Road Diesel Light Duty Vehicles","CT","09","Ammonia","CAP","7.28022341","TON"
"Fuel Comb - Industrial Boilers, ICEs - Other","NJ","34","Lead","CAP/HAP","7.2","LB"
"Fuel Comb - Electric Generation - Natural Gas","NJ","34","Methane","GHG","7.1609","TON"
"Fires - Wildfires","CT","09","Sulfur Dioxide","CAP","7.059482","TON"
"Mobile - Locomotives","NY","36","Ammonia","CAP","6.94088131162","TON"
"Fuel Comb - Industrial Boilers, ICEs - Other","CT","09","Nitrogen Oxides","CAP","6.86173737","TON"
"Fuel Comb - Comm/Institutional - Biomass","NY","36","Ammonia","CAP","6.7675196961","TON"
"Fuel Comb - Industrial Boilers, ICEs - Other","NJ","34","Ammonia","CAP","6.43244994","TON"
"Fuel Comb - Industrial Boilers, ICEs - Other","NJ","34","Methane","GHG","6.032","TON"
"Mobile - On-Road Diesel Light Duty Vehicles","NJ","34","Sulfur Dioxide","CAP","6.017119803","TON"
"Fuel Comb - Electric Generation - Oil","CT","09","Ammonia","CAP","5.775639943","TON"
"Fuel Comb - Residential - Other","NJ","34","Sulfur Dioxide","CAP","5.4876865","TON"
"Fires - Agricultural Field Burning","NY","36","Nitrogen Oxides","CAP","5.434","TON"
"Fuel Comb - Electric Generation - Oil","NJ","34","Ammonia","CAP","5.3432","TON"
"Fuel Comb - Electric Generation - Biomass","CT","09","Lead","CAP/HAP","5.134804","LB"
"Fuel Comb - Electric Generation - Other","NY","36","Ammonia","CAP","4.954725","TON"
"Fuel Comb - Electric Generation - Biomass","NY","36","Volatile Organic Compounds","CAP","4.86889","TON"
"Fuel Comb - Electric Generation - Other","NJ","34","Ammonia","CAP","4.8393","TON"
"Mobile - Commercial Marine Vessels","NY","36","Ammonia","CAP","4.73595992680794","TON"
"Mobile - Commercial Marine Vessels","NJ","34","Ammonia","CAP","4.7088016414754","TON"
"Fuel Comb - Electric Generation - Coal","CT","09","Lead","CAP/HAP","4.630171","LB"
"Fuel Comb - Electric Generation - Oil","NJ","34","Volatile Organic Compounds","CAP","4.5607","TON"
"Fuel Comb - Industrial Boilers, ICEs - Other","NY","36","Volatile Organic Compounds","CAP","4.5102106161","TON"
"Fuel Comb - Electric Generation - Oil","CT","09","Volatile Organic Compounds","CAP","4.50446795363","TON"
"Fuel Comb - Comm/Institutional - Other","NJ","34","Ammonia","CAP","4.490449983","TON"
"Fuel Comb - Electric Generation - Coal","CT","09","Volatile Organic Compounds","CAP","4.12309","TON"
"Fuel Comb - Comm/Institutional - Biomass","NJ","34","Ammonia","CAP","4.10370344","TON"
"Fuel Comb - Comm/Institutional - Other","NY","36","Lead","CAP/HAP","3.3726996666456","LB"
"Mobile - On-Road Diesel Light Duty Vehicles","NY","36","Nitrous Oxide","GHG","3.3254068586","TON"
"Mobile - Non-Road Equipment - Other","CT","09","Sulfur Dioxide","CAP","2.9948212519378","TON"
"Mobile - Locomotives","NJ","34","Sulfur Dioxide","CAP","2.91932227796","TON"
"Fuel Comb - Industrial Boilers, ICEs - Other","CT","09","Carbon Monoxide","CAP","2.68780096","TON"
"Mobile - Locomotives","NJ","34","Ammonia","CAP","2.59013640652","TON"
"Mobile - On-Road non-Diesel Heavy Duty Vehicles","CT","09","Ammonia","CAP","2.444094090766","TON"
"Bulk Gasoline Terminals","NY","36","Carbon Monoxide","CAP","2.35363","TON"
"Mobile - On-Road Diesel Heavy Duty Vehicles","CT","09","Nitrous Oxide","GHG","2.31485796233","TON"
"Fuel Comb - Comm/Institutional - Biomass","CT","09","Ammonia","CAP","2.25459911","TON"
"Fires - Agricultural Field Burning","NY","36","Sulfur Dioxide","CAP","2.1819","TON"
"Fuel Comb - Residential - Other","CT","09","Sulfur Dioxide","CAP","2.17489989","TON"
"Mobile - On-Road Diesel Light Duty Vehicles","NJ","34","Nitrous Oxide","GHG","2.172939004","TON"
"Mobile - On-Road Diesel Light Duty Vehicles","CT","09","Sulfur Dioxide","CAP","2.1307254","TON"
"Gas Stations","CT","09","Lead","CAP/HAP","2.0247375","LB"
"Fuel Comb - Comm/Institutional - Other","NY","36","Ammonia","CAP","1.9128189489","TON"
"Fuel Comb - Industrial Boilers, ICEs - Oil","CT","09","Ammonia","CAP","1.8988627041","TON"
"Fuel Comb - Residential - Other","CT","09","Ammonia","CAP","1.77450002","TON"
"Fuel Comb - Electric Generation - Natural Gas","NY","36","Methane","GHG","1.48760965","TON"
"Fuel Comb - Industrial Boilers, ICEs - Oil","NJ","34","Ammonia","CAP","1.4662849988","TON"
"Mobile - On-Road non-Diesel Heavy Duty Vehicles","CT","09","Sulfur Dioxide","CAP","1.356977643553","TON"
"Fuel Comb - Comm/Institutional - Other","CT","09","Lead","CAP/HAP","1.3218365","LB"
"Fuel Comb - Residential - Other","NJ","34","Volatile Organic Compounds","CAP","1.17599996","TON"
"Fuel Comb - Residential - Other","NJ","34","Ammonia","CAP","1.17599996","TON"
"Fuel Comb - Electric Generation - Biomass","CT","09","Volatile Organic Compounds","CAP","1.155331","TON"
"Fuel Comb - Electric Generation - Natural Gas","CT","09","Lead","CAP/HAP","1.1448509211","LB"
"Fuel Comb - Industrial Boilers, ICEs - Oil","NJ","34","Methane","GHG","1.1378","TON"
"Fuel Comb - Electric Generation - Biomass","NY","36","Lead","CAP/HAP","1.1373","LB"
"Bulk Gasoline Terminals","NY","36","Nitrogen Oxides","CAP",".95766","TON"
"Fuel Comb - Comm/Institutional - Other","CT","09","Sulfur Dioxide","CAP",".9140864139","TON"
"Mobile - Commercial Marine Vessels","CT","09","Ammonia","CAP",".8529205702936","TON"
"Mobile - On-Road Diesel Light Duty Vehicles","CT","09","Nitrous Oxide","GHG",".798051535","TON"
"Fuel Comb - Comm/Institutional - Other","CT","09","Ammonia","CAP",".75984202","TON"
"Fuel Comb - Electric Generation - Biomass","NY","36","Sulfur Dioxide","CAP",".67035","TON"
"Fuel Comb - Industrial Boilers, ICEs - Coal","NY","36","Ammonia","CAP",".65916794702","TON"
"Fuel Comb - Comm/Institutional - Oil","NJ","34","Methane","GHG",".6003","TON"
"Fuel Comb - Electric Generation - Oil","NJ","34","Methane","GHG",".5869","TON"
"Fuel Comb - Electric Generation - Coal","NJ","34","Ammonia","CAP",".5797","TON"
"Fuel Comb - Comm/Institutional - Other","NJ","34","Lead","CAP/HAP",".52475606209848640236","LB"
"Fuel Comb - Comm/Institutional - Oil","NY","36","Methane","GHG",".4741534","TON"
"Fuel Comb - Electric Generation - Biomass","CT","09","Sulfur Dioxide","CAP",".46985","TON"
"Mobile - Locomotives","CT","09","Sulfur Dioxide","CAP",".458904483","TON"
"Fuel Comb - Industrial Boilers, ICEs - Other","NY","36","Ammonia","CAP",".44614058403","TON"
"Mobile - Locomotives","CT","09","Ammonia","CAP",".407153711","TON"
"Fuel Comb - Electric Generation - Oil","NY","36","Methane","GHG",".3872584","TON"
"Fuel Comb - Industrial Boilers, ICEs - Other","CT","09","Volatile Organic Compounds","CAP",".239409191","TON"
"Fuel Comb - Comm/Institutional - Oil","NJ","34","Lead","CAP/HAP",".114520487709575209266","LB"
"Bulk Gasoline Terminals","NJ","34","Carbon Dioxide","GHG",".1","TON"
"Fuel Comb - Industrial Boilers, ICEs - Other","CT","09","Lead","CAP/HAP",".09404826","LB"
"Fuel Comb - Industrial Boilers, ICEs - Other","CT","09","Ammonia","CAP",".061279127","TON"
"Bulk Gasoline Terminals","NJ","34","Carbon Monoxide","CAP",".0463","TON"
"Fuel Comb - Electric Generation - Coal","CT","09","Ammonia","CAP",".03882577","TON"
"Fuel Comb - Industrial Boilers, ICEs - Other","CT","09","Sulfur Dioxide","CAP",".0355813551","TON"
"Bulk Gasoline Terminals","NY","36","Methane","GHG",".022483","TON"
"Fuel Comb - Electric Generation - Biomass","NY","36","Ammonia","CAP",".0204305","TON"
"Fuel Comb - Comm/Institutional - Other","NY","36","Methane","GHG",".02000005","TON"
"Bulk Gasoline Terminals","NJ","34","Nitrogen Oxides","CAP",".0176","TON"
"Fuel Comb - Industrial Boilers, ICEs - Other","NY","36","Methane","GHG",".0157221","TON"
"Bulk Gasoline Terminals","NY","36","Sulfur Dioxide","CAP",".00294","TON"
"Bulk Gasoline Terminals","NJ","34","Ammonia","CAP",".0018","TON"
"Bulk Gasoline Terminals","NJ","34","Methane","GHG",".0013","TON"
"Bulk Gasoline Terminals","NJ","34","Sulfur Dioxide","CAP",".0003","TON"
"Fuel Comb - Electric Generation - Other","CT","09","Nitrogen Oxides","CAP",".0000532","TON"
"Fuel Comb - Electric Generation - Other","CT","09","Carbon Monoxide","CAP",".00000868","TON"
"Fuel Comb - Electric Generation - Other","CT","09","Volatile Organic Compounds","CAP",".0000012852","TON"
"Fuel Comb - Electric Generation - Other","CT","09","Sulfur Dioxide","CAP",".0000000001596","TON"
"Fuel Comb - Comm/Institutional - Coal","NY","36","Sulfur Dioxide","CAP","0","TON"
"Fuel Comb - Industrial Boilers, ICEs - Coal","CT","09","Nitrogen Oxides","CAP","0","TON"
"Fuel Comb - Industrial Boilers, ICEs - Coal","CT","09","Ammonia","CAP","0","TON"
"Bulk Gasoline Terminals","NJ","34","Lead","CAP/HAP","0","LB"
"Fuel Comb - Comm/Institutional - Coal","NJ","34","Lead","CAP/HAP","0","LB"
"Fuel Comb - Residential - Other","NY","36","Lead","CAP/HAP","0","LB"
"Fuel Comb - Comm/Institutional - Coal","CT","09","Lead","CAP/HAP","0","LB"
"Fuel Comb - Comm/Institutional - Coal","NY","36","Carbon Monoxide","CAP","0","TON"
"Fuel Comb - Industrial Boilers, ICEs - Coal","CT","09","Lead","CAP/HAP","0","LB"
"Bulk Gasoline Terminals","CT","09","Sulfur Dioxide","CAP","0","TON"
"Bulk Gasoline Terminals","CT","09","Lead","CAP/HAP","0","LB"
"Fuel Comb - Industrial Boilers, ICEs - Coal","CT","09","Carbon Monoxide","CAP","0","TON"
"Fuel Comb - Comm/Institutional - Coal","NJ","34","Nitrogen Oxides","CAP","0","TON"
"Fuel Comb - Electric Generation - Coal","NY","36","Sulfur Hexafluoride","GHG","0","TON"
"Fuel Comb - Industrial Boilers, ICEs - Coal","CT","09","Sulfur Dioxide","CAP","0","TON"
"Bulk Gasoline Terminals","CT","09","Carbon Monoxide","CAP","0","TON"
"Fuel Comb - Comm/Institutional - Coal","NJ","34","Volatile Organic Compounds","CAP","0","TON"
"Fuel Comb - Industrial Boilers, ICEs - Coal","CT","09","Volatile Organic Compounds","CAP","0","TON"
"Industrial Processes - Mining","NJ","34","Volatile Organic Compounds","CAP","0","TON"
"Fuel Comb - Comm/Institutional - Coal","NJ","34","Ammonia","CAP","0","TON"
"Fuel Comb - Industrial Boilers, ICEs - Coal","NJ","34","Volatile Organic Compounds","CAP","0","TON"
"Bulk Gasoline Terminals","CT","09","Ammonia","CAP","0","TON"
"Fuel Comb - Comm/Institutional - Coal","CT","09","Sulfur Dioxide","CAP","0","TON"
"Fuel Comb - Comm/Institutional - Coal","NY","36","Ammonia","CAP","0","TON"
"Fuel Comb - Comm/Institutional - Coal","CT","09","Carbon Monoxide","CAP","0","TON"
"Bulk Gasoline Terminals","CT","09","Nitrogen Oxides","CAP","0","TON"
"Fuel Comb - Electric Generation - Other","CT","09","Ammonia","CAP","0","TON"
"Fuel Comb - Residential - Other","NY","36","Ammonia","CAP","0","TON"
"Fuel Comb - Comm/Institutional - Coal","NJ","34","Sulfur Dioxide","CAP","0","TON"
"Fuel Comb - Comm/Institutional - Coal","CT","09","Ammonia","CAP","0","TON"
"Fuel Comb - Industrial Boilers, ICEs - Coal","NJ","34","Lead","CAP/HAP","0","LB"
"Fuel Comb - Comm/Institutional - Coal","NY","36","Volatile Organic Compounds","CAP","0","TON"
"Fuel Comb - Electric Generation - Other","CT","09","Lead","CAP/HAP","0","LB"
"Bulk Gasoline Terminals","NY","36","Lead","CAP/HAP","0","LB"
"Fuel Comb - Industrial Boilers, ICEs - Coal","NJ","34","Sulfur Dioxide","CAP","0","TON"
"Fuel Comb - Industrial Boilers, ICEs - Coal","NJ","34","Carbon Monoxide","CAP","0","TON"
"Fuel Comb - Industrial Boilers, ICEs - Coal","NJ","34","Nitrogen Oxides","CAP","0","TON"
"Fuel Comb - Comm/Institutional - Coal","CT","09","Volatile Organic Compounds","CAP","0","TON"
"Fuel Comb - Comm/Institutional - Coal","NY","36","Lead","CAP/HAP","0","LB"
"Fuel Comb - Comm/Institutional - Coal","NJ","34","Carbon Monoxide","CAP","0","TON"
"Fuel Comb - Residential - Other","NJ","34","Lead","CAP/HAP","0","LB"
"Fuel Comb - Comm/Institutional - Coal","CT","09","Nitrogen Oxides","CAP","0","TON"
"Mobile - Non-Road Equipment - Diesel","NJ","34","Lead","CAP/HAP","0","LB"
"Fuel Comb - Industrial Boilers, ICEs - Coal","NJ","34","Ammonia","CAP","0","TON"
"Fuel Comb - Comm/Institutional - Coal","NY","36","Nitrogen Oxides","CAP","0","TON"